"Fiscal Year",Country,"ISO Code",Category,Sector,"Result Statement","Disbursement ($)",Results
2011,Mexico,MX,"Democracy and Governance","Civil Society",,1231,
2011,Mexico,MX,"Democracy and Governance","Civil Society","percent of awards with organizational capacity development objectives or activities that require reporting on capacity development metrics on a regular basis",,52.94
2011,Mexico,MX,"Democracy and Governance","Political Competition and Consensus-Building",,815712,
2011,Mexico,MX,"Democracy and Governance","Political Competition and Consensus-Building","groups trained in inclusive consensus building techniques",,60.00
2011,Mexico,MX,"Democracy and Governance","Rule of Law and Human Rights",,21768839,
2011,Mexico,MX,"Democracy and Governance","Rule of Law and Human Rights","courts with improved case management systems",,4.00
2011,Mexico,MX,"Democracy and Governance","Rule of Law and Human Rights","justice sector personnel trained",,2634.00
2011,Mexico,MX,"Democracy and Governance","Rule of Law and Human Rights","law students, lawyers, judges, prosecutors, court personnel or police benefitted from improved teaching facilities and curricula",,14490.00
2011,Mexico,MX,"Democracy and Governance","Rule of Law and Human Rights","new legal courses or curricula developed",,16.00
2011,Mexico,MX,"Democracy and Governance","Rule of Law and Human Rights","percent of awards with organizational capacity development objectives or activities that require reporting on capacity development metrics on a regular basis",,52.94
2011,Mexico,MX,"Democracy and Governance","Rule of Law and Human Rights","strategic plans for justice sector reform adopted",,1.00
2011,Mexico,MX,"Economic Development","Economic Opportunity",,236845,
2011,Mexico,MX,"Economic Development","Private Sector Competitiveness",,8519169,
2011,Mexico,MX,"Economic Development","Private Sector Competitiveness","percent of awards with organizational capacity development objectives or activities that require reporting on capacity development metrics on a regular basis",,52.94
2011,Mexico,MX,"Education and Social Services","Higher Education",,2978987,
2011,Mexico,MX,"Education and Social Services","Higher Education","higher education partnerships between the US and host country higher education institutions addressing its development needs",,23.00
2011,Mexico,MX,"Education and Social Services","Higher Education","host-country individuals completed exchange programs through higher education institutions",,1999.00
2011,Mexico,MX,"Education and Social Services","Higher Education","organizational improvements that strengthen the institutional capacity of host-country higher education institutions",,68.00
2011,Mexico,MX,"Education and Social Services","Higher Education","percent of awards with organizational capacity development objectives or activities that require reporting on capacity development metrics on a regular basis",,52.94
2011,Mexico,MX,Environment,,,2716968,
2011,Mexico,MX,Environment,,"climate mitigation and/or adaptation tools, technologies and methodologies developed, tested and/or adopted",,17.00
2011,Mexico,MX,Environment,,"laws, policies, strategies, plans, agreements, or regulations addressing climate change or biodiversity conservation officially proposed, adopted, or implemented",,27.00
2011,Mexico,MX,Environment,,"percent of awards with organizational capacity development objectives or activities that require reporting on capacity development metrics on a regular basis",,52.94
2011,Mexico,MX,Health,HIV/AIDS,,1950421,
2011,Mexico,MX,Health,HIV/AIDS,"Percent of HIV-positive patients who were screened for TB in HIV care or treatment setting",,91.20
2011,Mexico,MX,Health,HIV/AIDS,"targeted condom service outlets",,147.00
2011,Mexico,MX,Health,HIV/AIDS,"targeted population reached with individual and/or small group level HIV prevention interventions that are based on evidence and/or meet the minimum standards required",,37467.00
2011,Mexico,MX,Health,Tuberculosis,,905211,
2011,Mexico,MX,Health,Tuberculosis,"case notification rate in new sputum smear positive pulmonary TB cases per 100,000 people",,13.50
2011,Mexico,MX,Health,Tuberculosis,"people trained in Directly Observed Treatment Short Course (DOTS)",,1127.00
2011,Mexico,MX,"Program Management",,,4830823,
2012,Mexico,MX,"Democracy and Governance","Good Governance",,1818170,
2012,Mexico,MX,"Democracy and Governance","Good Governance","anticorruption measures implemented",,4.00
2012,Mexico,MX,"Democracy and Governance","Good Governance","awards made directly to local organizations",,7.00
2012,Mexico,MX,"Democracy and Governance","Good Governance","government officials received anticorruption training",,581.00
2012,Mexico,MX,"Democracy and Governance","Good Governance","new public-private partnerships formed",,2.00
2012,Mexico,MX,"Democracy and Governance","Good Governance","people affiliated with nongovernmental organizations received anticorruption training",,82.00
2012,Mexico,MX,"Democracy and Governance","Good Governance","percent of awards with organizational capacity development objectives or activities that require reporting on capacity development metrics on a regular basis",,90.00
2012,Mexico,MX,"Democracy and Governance","Good Governance","percentage of operating unit (USAID Mission or Bureau) funds given to local organizations",,14.00
2012,Mexico,MX,"Democracy and Governance","Good Governance","value of new private sector USAID resources contributed to public-private partnerships",,6808723.00
2012,Mexico,MX,"Democracy and Governance","Political Competition and Consensus-Building",,994085,
2012,Mexico,MX,"Democracy and Governance","Rule of Law and Human Rights",,22452113,
2012,Mexico,MX,"Democracy and Governance","Rule of Law and Human Rights","awards made directly to local organizations",,7.00
2012,Mexico,MX,"Democracy and Governance","Rule of Law and Human Rights","courts with improved case management systems",,4.00
2012,Mexico,MX,"Democracy and Governance","Rule of Law and Human Rights","human rights defenders trained and supported",,200.00
2012,Mexico,MX,"Democracy and Governance","Rule of Law and Human Rights","justice sector personnel trained",,2668.00
2012,Mexico,MX,"Democracy and Governance","Rule of Law and Human Rights","percent of awards with organizational capacity development objectives or activities that require reporting on capacity development metrics on a regular basis",,90.00
2012,Mexico,MX,"Democracy and Governance","Rule of Law and Human Rights","percentage of operating unit (USAID Mission or Bureau) funds given to local organizations",,14.00
2012,Mexico,MX,"Economic Development","Private Sector Competitiveness",,6109723,
2012,Mexico,MX,"Economic Development","Private Sector Competitiveness","awards made directly to local organizations",,7.00
2012,Mexico,MX,"Economic Development","Private Sector Competitiveness","financing mechanisms introduced and/or used that expand access to capital markets by sub-national governments for water, sanitation, energy and other infrastructure projects",,1.00
2012,Mexico,MX,"Economic Development","Private Sector Competitiveness","new public-private partnerships formed",,2.00
2012,Mexico,MX,"Economic Development","Private Sector Competitiveness","percent of awards with organizational capacity development objectives or activities that require reporting on capacity development metrics on a regular basis",,90.00
2012,Mexico,MX,"Economic Development","Private Sector Competitiveness","percentage of operating unit (USAID Mission or Bureau) funds given to local organizations",,14.00
2012,Mexico,MX,"Economic Development","Private Sector Competitiveness","policies, laws, regulations or administrative processes affecting Mexico's factor and precursor markets and economic governance developed, introduced and/or implemented",,22.00
2012,Mexico,MX,"Economic Development","Private Sector Competitiveness","value of new private sector USAID resources contributed to public-private partnerships",,6808723.00
2012,Mexico,MX,"Education and Social Services","Basic Education",,223,
2012,Mexico,MX,"Education and Social Services","Higher Education",,2728488,
2012,Mexico,MX,"Education and Social Services","Higher Education","higher education partnerships between U.S. and host country higher education institutions which addressed regional, national, or local development needs",,18.00
2012,Mexico,MX,"Education and Social Services","Higher Education","individuals completed exchange programs conducted through higher education institutions",,1868.00
2012,Mexico,MX,"Education and Social Services","Higher Education","new public-private partnerships formed",,2.00
2012,Mexico,MX,"Education and Social Services","Higher Education","organizational improvements that strengthened the institutional capacity of host-country higher education institutions",,52.00
2012,Mexico,MX,"Education and Social Services","Higher Education","percent of awards with organizational capacity development objectives or activities that require reporting on capacity development metrics on a regular basis",,90.00
2012,Mexico,MX,"Education and Social Services","Higher Education","value of new private sector USAID resources contributed to public-private partnerships",,6808723.00
2012,Mexico,MX,Environment,,,4524588,
2012,Mexico,MX,Environment,,"awards made directly to local organizations",,7.00
2012,Mexico,MX,Environment,,"institutions with improved capacity to address climate change issues",,64.00
2012,Mexico,MX,Environment,,"laws, policies, strategies, plans, agreements, or regulations addressing climate change or biodiversity conservation officially proposed, adopted, or implemented",,15.00
2012,Mexico,MX,Environment,,"new public-private partnerships formed",,2.00
2012,Mexico,MX,Environment,,"percent of awards with organizational capacity development objectives or activities that require reporting on capacity development metrics on a regular basis",,90.00
2012,Mexico,MX,Environment,,"percentage of operating unit (USAID Mission or Bureau) funds given to local organizations",,14.00
2012,Mexico,MX,Environment,,"value of new private sector USAID resources contributed to public-private partnerships",,6808723.00
2012,Mexico,MX,Health,HIV/AIDS,,1435053,
2012,Mexico,MX,Health,HIV/AIDS,"Percent of HIV-positive patients who were screened for TB in HIV care or treatment setting",,96.00
2012,Mexico,MX,Health,HIV/AIDS,"targeted population reached with individual and/or small group level HIV prevention interventions that are based on evidence and/or meet the minimum standards required",,19497.00
2012,Mexico,MX,Health,Tuberculosis,,734868,
2012,Mexico,MX,Health,Tuberculosis,"percent of registered TB patients tested for HIV",,64.00
2012,Mexico,MX,"Humanitarian Assistance",,,263878,
2012,Mexico,MX,"Program Management",,,5220201,
2013,Mexico,MX,"Democracy and Governance","Civil Society",,2845277,
2013,Mexico,MX,"Democracy and Governance","Civil Society","awards made directly to local organizations",,7.00
2013,Mexico,MX,"Democracy and Governance","Civil Society","new public-private partnerships formed",,3.00
2013,Mexico,MX,"Democracy and Governance","Civil Society","percent of awards with organizational capacity development objectives or activities that require reporting on capacity development metrics on a regular basis",,45.00
2013,Mexico,MX,"Democracy and Governance","Civil Society","percentage of operating unit (USAID Mission or Bureau) funds given to local organizations",,11.67
2013,Mexico,MX,"Democracy and Governance","Civil Society","value of new private sector USAID resources contributed to public-private partnerships",,11678907.00
2013,Mexico,MX,"Democracy and Governance","Good Governance",,6082161,
2013,Mexico,MX,"Democracy and Governance","Good Governance","anticorruption measures implemented",,5.00
2013,Mexico,MX,"Democracy and Governance","Good Governance","awards made directly to local organizations",,7.00
2013,Mexico,MX,"Democracy and Governance","Good Governance","government officials received anticorruption training",,850.00
2013,Mexico,MX,"Democracy and Governance","Good Governance","new public-private partnerships formed",,3.00
2013,Mexico,MX,"Democracy and Governance","Good Governance","people affiliated with nongovernmental organizations received anticorruption training",,2782453.00
2013,Mexico,MX,"Democracy and Governance","Good Governance","percent of awards with organizational capacity development objectives or activities that require reporting on capacity development metrics on a regular basis",,45.00
2013,Mexico,MX,"Democracy and Governance","Good Governance","percentage of operating unit (USAID Mission or Bureau) funds given to local organizations",,11.67
2013,Mexico,MX,"Democracy and Governance","Good Governance","value of new private sector USAID resources contributed to public-private partnerships",,11678907.00
2013,Mexico,MX,"Democracy and Governance","Political Competition and Consensus-Building",,38435,
2013,Mexico,MX,"Democracy and Governance","Rule of Law and Human Rights",,15787797,
2013,Mexico,MX,"Democracy and Governance","Rule of Law and Human Rights","awards made directly to local organizations",,7.00
2013,Mexico,MX,"Democracy and Governance","Rule of Law and Human Rights","courts with improved case management systems",,8.00
2013,Mexico,MX,"Democracy and Governance","Rule of Law and Human Rights","domestic nongovernmental organizations engaged in monitoring or advocacy work on human rights supported",,24.00
2013,Mexico,MX,"Democracy and Governance","Rule of Law and Human Rights","human rights defenders trained and supported",,454.00
2013,Mexico,MX,"Democracy and Governance","Rule of Law and Human Rights","justice sector personnel trained",,1262.00
2013,Mexico,MX,"Democracy and Governance","Rule of Law and Human Rights","percent of awards with organizational capacity development objectives or activities that require reporting on capacity development metrics on a regular basis",,45.00
2013,Mexico,MX,"Democracy and Governance","Rule of Law and Human Rights","percentage of operating unit (USAID Mission or Bureau) funds given to local organizations",,11.67
2013,Mexico,MX,"Economic Development","Private Sector Competitiveness",,7194446,
2013,Mexico,MX,"Economic Development","Private Sector Competitiveness","awards made directly to local organizations",,7.00
2013,Mexico,MX,"Economic Development","Private Sector Competitiveness","financing mechanisms introduced and/or used that expand access to capital markets by sub-national governments for water, sanitation, energy and other infrastructure projects",,3.00
2013,Mexico,MX,"Economic Development","Private Sector Competitiveness","new public-private partnerships formed",,3.00
2013,Mexico,MX,"Economic Development","Private Sector Competitiveness","percent of awards with organizational capacity development objectives or activities that require reporting on capacity development metrics on a regular basis",,45.00
2013,Mexico,MX,"Economic Development","Private Sector Competitiveness","percentage of operating unit (USAID Mission or Bureau) funds given to local organizations",,11.67
2013,Mexico,MX,"Economic Development","Private Sector Competitiveness","value of new private sector USAID resources contributed to public-private partnerships",,11678907.00
2013,Mexico,MX,"Education and Social Services","Higher Education",,672010,
2013,Mexico,MX,"Education and Social Services","Higher Education","new public-private partnerships formed",,3.00
2013,Mexico,MX,"Education and Social Services","Higher Education","percent of awards with organizational capacity development objectives or activities that require reporting on capacity development metrics on a regular basis",,45.00
2013,Mexico,MX,"Education and Social Services","Higher Education","value of new private sector USAID resources contributed to public-private partnerships",,11678907.00
2013,Mexico,MX,Environment,,,9510798,
2013,Mexico,MX,Environment,,"awards made directly to local organizations",,7.00
2013,Mexico,MX,Environment,,"institutions with improved capacity to address climate change issues",,167.00
2013,Mexico,MX,Environment,,"laws, policies, strategies, plans, agreements, or regulations addressing climate change or biodiversity conservation officially proposed, adopted, or implemented",,26.00
2013,Mexico,MX,Environment,,"new public-private partnerships formed",,3.00
2013,Mexico,MX,Environment,,"people trained in global climate change",,8696.00
2013,Mexico,MX,Environment,,"percent of awards with organizational capacity development objectives or activities that require reporting on capacity development metrics on a regular basis",,45.00
2013,Mexico,MX,Environment,,"percentage of operating unit (USAID Mission or Bureau) funds given to local organizations",,11.67
2013,Mexico,MX,Environment,,"value of new private sector USAID resources contributed to public-private partnerships",,11678907.00
2013,Mexico,MX,Health,HIV/AIDS,,1764145,
2013,Mexico,MX,Health,HIV/AIDS,"targeted population reached with individual and/or small group level HIV prevention interventions that are based on evidence and/or meet the minimum standards required",,1230.00
2013,Mexico,MX,Health,"Other Public Health Threats",,247335,
2013,Mexico,MX,Health,Tuberculosis,,916770,
2013,Mexico,MX,"Humanitarian Assistance",,,250047,
2013,Mexico,MX,"Program Management",,,2411652,
2014,Mexico,MX,"Democracy and Governance","Civil Society",,3087758,
2014,Mexico,MX,"Democracy and Governance","Civil Society","awards made directly to local organizations",,6.00
2014,Mexico,MX,"Democracy and Governance","Civil Society","percent of awards with organizational capacity development objectives or activities that require reporting on capacity development metrics on a regular basis",,51.00
2014,Mexico,MX,"Democracy and Governance","Civil Society","successful crime and violence prevention models replicated by local stakeholders with USAID support",,5.00
2014,Mexico,MX,"Democracy and Governance","Good Governance",,9156213,
2014,Mexico,MX,"Democracy and Governance","Good Governance","anticorruption measures implemented",,7.00
2014,Mexico,MX,"Democracy and Governance","Good Governance","at-risk youth engaged in USAID crime prevention activities",,16743.00
2014,Mexico,MX,"Democracy and Governance","Good Governance","awards made directly to local organizations",,6.00
2014,Mexico,MX,"Democracy and Governance","Good Governance","government officials received anticorruption training",,2302.00
2014,Mexico,MX,"Democracy and Governance","Good Governance","people affiliated with nongovernmental organizations received anticorruption training",,4160382.00
2014,Mexico,MX,"Democracy and Governance","Good Governance","percent of awards with organizational capacity development objectives or activities that require reporting on capacity development metrics on a regular basis",,51.00
2014,Mexico,MX,"Democracy and Governance","Good Governance","selected communities in target areas that have implemented crime prevention plans based on crime and vulnerability diagnostics.",,9.00
2014,Mexico,MX,"Democracy and Governance","Political Competition and Consensus-Building",,462739,
2014,Mexico,MX,"Democracy and Governance","Rule of Law and Human Rights",,17154560,
2014,Mexico,MX,"Democracy and Governance","Rule of Law and Human Rights","awards made directly to local organizations",,6.00
2014,Mexico,MX,"Democracy and Governance","Rule of Law and Human Rights","citizens reached by public campaigns",,16278.00
2014,Mexico,MX,"Democracy and Governance","Rule of Law and Human Rights","courts with improved case management systems",,9.00
2014,Mexico,MX,"Democracy and Governance","Rule of Law and Human Rights","domestic nongovernmental organizations engaged in monitoring or advocacy work on human rights supported",,30.00
2014,Mexico,MX,"Democracy and Governance","Rule of Law and Human Rights","Government of Mexico officials trained on human rights-based approaches",,603.00
2014,Mexico,MX,"Democracy and Governance","Rule of Law and Human Rights","human rights defenders trained and supported",,730.00
2014,Mexico,MX,"Democracy and Governance","Rule of Law and Human Rights","judges and judicial personnel trained",,12061.00
2014,Mexico,MX,"Democracy and Governance","Rule of Law and Human Rights","justice sector personnel trained",,2050.00
2014,Mexico,MX,"Democracy and Governance","Rule of Law and Human Rights","percent of awards with organizational capacity development objectives or activities that require reporting on capacity development metrics on a regular basis",,51.00
2014,Mexico,MX,"Democracy and Governance","Rule of Law and Human Rights","states operating under the new criminal justice system",,22.00
2014,Mexico,MX,"Democracy and Governance","Rule of Law and Human Rights","states passed comprehensive criminal justice reforms",,27.00
2014,Mexico,MX,"Democracy and Governance","Rule of Law and Human Rights","states received technical assistance on comprehensive criminal justice reform",,21.00
2014,Mexico,MX,"Economic Development","Private Sector Competitiveness",,6752612,
2014,Mexico,MX,"Economic Development","Private Sector Competitiveness","awards made directly to local organizations",,6.00
2014,Mexico,MX,"Economic Development","Private Sector Competitiveness","mechanisms adopted to improve the institutional capacity of a government or sub-national government agency",,2.00
2014,Mexico,MX,"Economic Development","Private Sector Competitiveness","percent of awards with organizational capacity development objectives or activities that require reporting on capacity development metrics on a regular basis",,51.00
2014,Mexico,MX,"Education and Social Services","Higher Education",,1512034,
2014,Mexico,MX,"Education and Social Services","Higher Education","percent of awards with organizational capacity development objectives or activities that require reporting on capacity development metrics on a regular basis",,51.00
2014,Mexico,MX,Environment,,,18360915,
2014,Mexico,MX,Environment,,"awards made directly to local organizations",,6.00
2014,Mexico,MX,Environment,,"climate mitigation and/or adaptation tools, technologies and methodologies developed, tested and/or adopted",,68.00
2014,Mexico,MX,Environment,,"institutions with improved capacity to address climate change issues",,383.00
2014,Mexico,MX,Environment,,"investment leveraged in U.S. dollars, from private and public sources,  for climate change",,1084828.00
2014,Mexico,MX,Environment,,"laws, policies, strategies, plans, agreements, or regulations addressing climate change or biodiversity conservation officially proposed, adopted, or implemented",,39.00
2014,Mexico,MX,Environment,,"metric tons of greenhouse gas (GHG) emissions reduced or sequestered",,136088.00
2014,Mexico,MX,Environment,,"people trained in global climate change",,4348.00
2014,Mexico,MX,Environment,,"percent of awards with organizational capacity development objectives or activities that require reporting on capacity development metrics on a regular basis",,51.00
2014,Mexico,MX,Health,HIV/AIDS,,286757,
2014,Mexico,MX,Health,"Other Public Health Threats",,152665,
2014,Mexico,MX,"Humanitarian Assistance",,,803374,
2014,Mexico,MX,"Program Management",,,2468888,
