"Fiscal Year",Country,"ISO Code",Category,Sector,"Result Statement","Disbursement ($)",Results
2011,"El Salvador",SV,"Democracy and Governance","Good Governance",,4008989,
2011,"El Salvador",SV,"Democracy and Governance","Good Governance","anticorruption measures implemented",,8.00
2011,"El Salvador",SV,"Democracy and Governance","Good Governance","government officials received anticorruption training",,1907.00
2011,"El Salvador",SV,"Democracy and Governance","Good Governance","mechanisms for external oversight of public resource supported",,5.00
2011,"El Salvador",SV,"Democracy and Governance","Good Governance","people affiliated with nongovernmental organizations (NGOs) received anti-corruption training",,2636.00
2011,"El Salvador",SV,"Democracy and Governance","Rule of Law and Human Rights",,4312564,
2011,"El Salvador",SV,"Democracy and Governance","Rule of Law and Human Rights","justice sector personnel trained",,3856.00
2011,"El Salvador",SV,"Democracy and Governance","Rule of Law and Human Rights","legal institutions and associations supported",,89.00
2011,"El Salvador",SV,"Economic Development",Agriculture,,2298,
2011,"El Salvador",SV,"Economic Development","Macroeconomic Foundation for Growth",,356318,
2011,"El Salvador",SV,"Economic Development","Private Sector Competitiveness",,2941931,
2011,"El Salvador",SV,"Economic Development","Private Sector Competitiveness","people completed workforce development programs",,3874.00
2011,"El Salvador",SV,"Economic Development","Private Sector Competitiveness","people received new or better employment as a result of participation in workforce development programs",,2730.00
2011,"El Salvador",SV,"Economic Development","Private Sector Competitiveness","workforce development initiatives created through public-private partnerships",,24.00
2011,"El Salvador",SV,"Economic Development","Trade and Investment",,1193384,
2011,"El Salvador",SV,"Economic Development","Trade and Investment","people trained in improving trade and investment environments",,595.00
2011,"El Salvador",SV,"Education and Social Services","Basic Education",,2623107,
2011,"El Salvador",SV,"Education and Social Services","Basic Education","laws, policies, regulations, or guidelines developed or modified to improve equitable access to or quality of education services",,8.00
2011,"El Salvador",SV,"Education and Social Services","Basic Education","learners enrolled in primary schools and/or equivalent non-school-based",,144185.00
2011,"El Salvador",SV,"Education and Social Services","Basic Education","school administrators and officials trained",,515.00
2011,"El Salvador",SV,"Education and Social Services","Basic Education","teachers/educators trained",,1176.00
2011,"El Salvador",SV,"Education and Social Services","Basic Education","textbooks and other teaching and learning materials provided",,4.00
2011,"El Salvador",SV,"Education and Social Services","Higher Education",,9775,
2011,"El Salvador",SV,"Education and Social Services","Higher Education","individuals received scholarships to attend higher education institutions",,19.00
2011,"El Salvador",SV,"Education and Social Services","Social Assistance",,2568720,
2011,"El Salvador",SV,"Education and Social Services","Social Assistance","people participated in productive safety net programs",,7588.00
2011,"El Salvador",SV,Environment,,,1818693,
2011,"El Salvador",SV,Environment,,"professionals received training in natural resources management (NRM) and/or biodiversity conservation",,80.00
2011,"El Salvador",SV,Health,"Family Planning and Reproductive Health",,2137029,
2011,"El Salvador",SV,Health,"Family Planning and Reproductive Health","people trained in family planning or reproductive health services",,660.00
2011,"El Salvador",SV,Health,HIV/AIDS,,1027141,
2011,"El Salvador",SV,Health,"Maternal and Child Health",,1960778,
2011,"El Salvador",SV,Health,"Maternal and Child Health","deliveries attended by a skilled birth attendant",,79922.00
2011,"El Salvador",SV,Health,"Maternal and Child Health","people trained in maternal or newborn healthcare services",,2412.00
2011,"El Salvador",SV,Health,"Maternal and Child Health","visits conducted by a health worker within three days of birth",,11532.00
2011,"El Salvador",SV,Health,"Other Public Health Threats",,3,
2011,"El Salvador",SV,"Program Management",,,12257208,
2012,"El Salvador",SV,"Democracy and Governance","Good Governance",,6110207,
2012,"El Salvador",SV,"Democracy and Governance","Good Governance","anticorruption measures implemented",,4.00
2012,"El Salvador",SV,"Democracy and Governance","Good Governance","civil society organizations received assistance in security oversight and advocacy",,7.00
2012,"El Salvador",SV,"Democracy and Governance","Good Governance","Corruption Perception Index Score",,38.00
2012,"El Salvador",SV,"Democracy and Governance","Good Governance","government officials received anticorruption training",,3462.00
2012,"El Salvador",SV,"Democracy and Governance","Good Governance","mechanisms for external oversight of public resource supported",,4.00
2012,"El Salvador",SV,"Democracy and Governance","Good Governance","Municipalities with Municipal Crime Prevention Committees (MCPC)",,10.00
2012,"El Salvador",SV,"Democracy and Governance","Good Governance","people affiliated with nongovernmental organizations received anticorruption training",,3022.00
2012,"El Salvador",SV,"Democracy and Governance","Rule of Law and Human Rights",,2965997,
2012,"El Salvador",SV,"Democracy and Governance","Rule of Law and Human Rights","justice sector personnel received training",,3910.00
2012,"El Salvador",SV,"Democracy and Governance","Rule of Law and Human Rights","legal institutions and associations supported",,235.00
2012,"El Salvador",SV,"Economic Development",Agriculture,,88616,
2012,"El Salvador",SV,"Economic Development","Financial Sector",,635298,
2012,"El Salvador",SV,"Economic Development","Financial Sector","financial staff trained",,243.00
2012,"El Salvador",SV,"Economic Development","Financial Sector","in private sector financing mobilized with Development Credit Authority (DCA) guarantees",,4680.00
2012,"El Salvador",SV,"Economic Development","Macroeconomic Foundation for Growth",,1448135,
2012,"El Salvador",SV,"Economic Development","Macroeconomic Foundation for Growth","key personnel trained in fiscal policy and fiscal administration",,172.00
2012,"El Salvador",SV,"Economic Development","Private Sector Competitiveness",,3278799,
2012,"El Salvador",SV,"Economic Development","Private Sector Competitiveness","people received new or better employment as a result of participation in workforce development programs",,5219.00
2012,"El Salvador",SV,"Economic Development","Private Sector Competitiveness","workforce development initiatives completed as a result of public-private partnerships",,81.00
2012,"El Salvador",SV,"Economic Development","Trade and Investment",,3274695,
2012,"El Salvador",SV,"Economic Development","Trade and Investment","firms received capacity building assistance to export",,547.00
2012,"El Salvador",SV,"Economic Development","Trade and Investment","municipalities received assistance to improve their performance",,50.00
2012,"El Salvador",SV,"Economic Development","Trade and Investment","municipalities that have simplified administrative procedures in business registration, permitting, and licensing",,7.00
2012,"El Salvador",SV,"Economic Development","Trade and Investment","new firms registered",,918.00
2012,"El Salvador",SV,"Economic Development","Trade and Investment","new jobs created",,936.00
2012,"El Salvador",SV,"Economic Development","Trade and Investment","people trained in improving trade and investment environments",,1863.00
2012,"El Salvador",SV,"Education and Social Services","Basic Education",,4488725,
2012,"El Salvador",SV,"Education and Social Services","Basic Education","laws, policies, regulations or guidelines developed or modified to improve the quality of or access to primary grade reading programs",,8.00
2012,"El Salvador",SV,"Education and Social Services","Basic Education","learners enrolled in primary schools and/or equivalent non-school-based",,129360.00
2012,"El Salvador",SV,"Education and Social Services","Basic Education","parent teacher associations (PTAs) or school governance structures supported",,14.00
2012,"El Salvador",SV,"Education and Social Services","Basic Education","school administrators and officials trained",,1160.00
2012,"El Salvador",SV,"Education and Social Services","Basic Education","teaching and learning materials provided",,101189.00
2012,"El Salvador",SV,"Education and Social Services","Higher Education",,378686,
2012,"El Salvador",SV,"Education and Social Services","Higher Education","individuals received scholarships to attend higher education institutions",,25.00
2012,"El Salvador",SV,"Education and Social Services","Social Assistance",,7823222,
2012,"El Salvador",SV,"Education and Social Services","Social Assistance","people participated in safety net programs",,8149.00
2012,"El Salvador",SV,"Education and Social Services","Social Assistance","percent of USG-funded nongovernmental organizations or other international organization projects that include activities or services designed to reduce specific risks or harm to vulnerable people",,100.00
2012,"El Salvador",SV,"Education and Social Services","Social Assistance","vocational training hours provided to beneficiaries of Productive Safety Nets",,53760.00
2012,"El Salvador",SV,"Education and Social Services","Social Assistance","vulnerable people benefitting from social services",,8635.00
2012,"El Salvador",SV,Environment,,,822380,
2012,"El Salvador",SV,Environment,,"sea turtle hatchlings released",,673589.00
2012,"El Salvador",SV,Health,"Family Planning and Reproductive Health",,2542204,
2012,"El Salvador",SV,Health,HIV/AIDS,,1065339,
2012,"El Salvador",SV,Health,"Maternal and Child Health",,1635434,
2012,"El Salvador",SV,"Humanitarian Assistance",,,1009703,
2012,"El Salvador",SV,"Humanitarian Assistance",,"USG-assisted organizations and/or service delivery systems who serve vulnerable populations strengthened",,57.00
2012,"El Salvador",SV,"Program Management",,,12284835,
2013,"El Salvador",SV,"Democracy and Governance","Good Governance",,7803306,
2013,"El Salvador",SV,"Democracy and Governance","Good Governance","anticorruption measures implemented",,5.00
2013,"El Salvador",SV,"Democracy and Governance","Good Governance","Corruption Perception Index Score",,38.00
2013,"El Salvador",SV,"Democracy and Governance","Good Governance","government officials received anticorruption training",,3700.00
2013,"El Salvador",SV,"Democracy and Governance","Good Governance","mechanisms for external oversight of public resource supported",,3.00
2013,"El Salvador",SV,"Democracy and Governance","Good Governance","people affiliated with nongovernmental organizations received anticorruption training",,1486.00
2013,"El Salvador",SV,"Democracy and Governance","Political Competition and Consensus-Building",,476324,
2013,"El Salvador",SV,"Democracy and Governance","Rule of Law and Human Rights",,1397485,
2013,"El Salvador",SV,"Democracy and Governance","Rule of Law and Human Rights","justice sector personnel that received USAID-supported training",,273.00
2013,"El Salvador",SV,"Economic Development",Agriculture,,3431,
2013,"El Salvador",SV,"Economic Development","Financial Sector",,1250178,
2013,"El Salvador",SV,"Economic Development","Financial Sector","borrowers from microfinance institutions",,6987.00
2013,"El Salvador",SV,"Economic Development","Financial Sector","in private sector financing mobilized with Development Credit Authority (DCA) guarantees",,2988.00
2013,"El Salvador",SV,"Economic Development","Macroeconomic Foundation for Growth",,2165684,
2013,"El Salvador",SV,"Economic Development","Macroeconomic Foundation for Growth","key personnel in fiscal policy and fiscal administration trained",,260.00
2013,"El Salvador",SV,"Economic Development","Macroeconomic Foundation for Growth","total tax collection as percent of GDP",,18.00
2013,"El Salvador",SV,"Economic Development","Private Sector Competitiveness",,4432843,
2013,"El Salvador",SV,"Economic Development","Private Sector Competitiveness","people received new or better employment as a result of participation in workforce development programs",,7914.00
2013,"El Salvador",SV,"Economic Development","Private Sector Competitiveness","workforce development initiatives completed as a result of public-private partnerships",,129.00
2013,"El Salvador",SV,"Economic Development","Trade and Investment",,4954765,
2013,"El Salvador",SV,"Economic Development","Trade and Investment","firms received capacity building assistance to export",,386.00
2013,"El Salvador",SV,"Economic Development","Trade and Investment","municipalities assisted to improve their performance",,50.00
2013,"El Salvador",SV,"Economic Development","Trade and Investment","municipalities that have simplified administrative procedures in business registration, permitting, and licensing",,3.00
2013,"El Salvador",SV,"Economic Development","Trade and Investment","new firms registered",,1266.00
2013,"El Salvador",SV,"Economic Development","Trade and Investment","new jobs created",,3936.00
2013,"El Salvador",SV,"Economic Development","Trade and Investment","number of participants were in trade and investment environment trainings",,3285.00
2013,"El Salvador",SV,"Education and Social Services","Basic Education",,2927037,
2013,"El Salvador",SV,"Education and Social Services","Basic Education","educators who successfully completed training, coaching, or mentoring",,595.00
2013,"El Salvador",SV,"Education and Social Services","Basic Education","learners enrolled in primary schools and/or equivalent non-school based settings",,39764.00
2013,"El Salvador",SV,"Education and Social Services","Basic Education","school administrators and officials trained",,223.00
2013,"El Salvador",SV,"Education and Social Services","Basic Education","teaching and learning materials provided",,191.00
2013,"El Salvador",SV,"Education and Social Services","Higher Education",,51539,
2013,"El Salvador",SV,"Education and Social Services","Higher Education","individuals received scholarships to attend higher education institutions",,32.00
2013,"El Salvador",SV,"Education and Social Services","Social Assistance",,8294895,
2013,"El Salvador",SV,"Education and Social Services","Social Assistance","cash transfers received by beneficiaries participating in productive safety nets",,6471162.00
2013,"El Salvador",SV,"Education and Social Services","Social Assistance","vocational training hours provided to beneficiaries of Productive Safety Nets",,21280.00
2013,"El Salvador",SV,Environment,,,657789,
2013,"El Salvador",SV,Environment,,"person hours of training in natural resources management and/or biodiversity conservation supported",,1647.00
2013,"El Salvador",SV,Environment,,"sea turtle hatchlings released",,871698.00
2013,"El Salvador",SV,Health,"Family Planning and Reproductive Health",,529439,
2013,"El Salvador",SV,Health,HIV/AIDS,,1105597,
2013,"El Salvador",SV,Health,"Maternal and Child Health",,1411362,
2013,"El Salvador",SV,"Humanitarian Assistance",,,2539664,
2013,"El Salvador",SV,"Humanitarian Assistance",,"preliminary designs for damaged facilities completed",,13.00
2013,"El Salvador",SV,"Program Management",,,3098504,
2014,"El Salvador",SV,"Democracy and Governance","Good Governance",,7856534,
2014,"El Salvador",SV,"Democracy and Governance","Good Governance","anticorruption measures implemented",,3.00
2014,"El Salvador",SV,"Democracy and Governance","Good Governance","Corruption Perception Index Score",,39.00
2014,"El Salvador",SV,"Democracy and Governance","Good Governance","government officials received anticorruption training",,1924.00
2014,"El Salvador",SV,"Democracy and Governance","Good Governance","mechanisms for external oversight of public resource supported",,3.00
2014,"El Salvador",SV,"Democracy and Governance","Good Governance","people affiliated with nongovernmental organizations (NGOs) received anti-corruption training",,1591.00
2014,"El Salvador",SV,"Democracy and Governance","Good Governance","percent decrease of crime victimization nationwide",,1.00
2014,"El Salvador",SV,"Democracy and Governance","Political Competition and Consensus-Building",,58286,
2014,"El Salvador",SV,"Democracy and Governance","Rule of Law and Human Rights",,3450078,
2014,"El Salvador",SV,"Democracy and Governance","Rule of Law and Human Rights","justice sector personnel received training",,419.00
2014,"El Salvador",SV,"Economic Development","Financial Sector",,1100163,
2014,"El Salvador",SV,"Economic Development","Financial Sector","borrowers from microfinance institutions",,356.00
2014,"El Salvador",SV,"Economic Development","Financial Sector","in private sector financing mobilized with Development Credit Authority (DCA) guarantees",,4560.00
2014,"El Salvador",SV,"Economic Development","Macroeconomic Foundation for Growth",,1823487,
2014,"El Salvador",SV,"Economic Development","Macroeconomic Foundation for Growth","key personnel trained in fiscal policy and fiscal administration",,400.00
2014,"El Salvador",SV,"Economic Development","Macroeconomic Foundation for Growth","total tax collection as percent of GDP",,17.00
2014,"El Salvador",SV,"Economic Development","Private Sector Competitiveness",,2769658,
2014,"El Salvador",SV,"Economic Development","Private Sector Competitiveness","people received new or better employment as a result of participation in workforce development programs",,126.00
2014,"El Salvador",SV,"Economic Development","Trade and Investment",,5868433,
2014,"El Salvador",SV,"Economic Development","Trade and Investment","capacity-building service providers received assistance",,171.00
2014,"El Salvador",SV,"Economic Development","Trade and Investment","firms received capacity building assistance to export",,648.00
2014,"El Salvador",SV,"Economic Development","Trade and Investment","hours of training completed in trade and investment capacity building supported",,2793.00
2014,"El Salvador",SV,"Economic Development","Trade and Investment","increased annual sales (export and domestic) of small and medium enterprises (SMEs) assisted",,33.00
2014,"El Salvador",SV,"Economic Development","Trade and Investment","municipalities received assistance to improve their performance",,50.00
2014,"El Salvador",SV,"Economic Development","Trade and Investment","municipalities that have simplified administrative procedures in business registration, permitting, and licensing",,27.00
2014,"El Salvador",SV,"Economic Development","Trade and Investment","new firms registered",,1110.00
2014,"El Salvador",SV,"Economic Development","Trade and Investment","new jobs assisted that were created by small and medium enterprises",,5184.00
2014,"El Salvador",SV,"Economic Development","Trade and Investment","new jobs created",,5273.00
2014,"El Salvador",SV,"Economic Development","Trade and Investment","participants trained in trade and investment environment",,680.00
2014,"El Salvador",SV,"Education and Social Services","Basic Education",,4739958,
2014,"El Salvador",SV,"Education and Social Services","Basic Education","educators successfully completed training, coaching, or mentoring",,1870.00
2014,"El Salvador",SV,"Education and Social Services","Basic Education","learners enrolled in secondary schools and/or equivalent non-school based settings",,76894.00
2014,"El Salvador",SV,"Education and Social Services","Basic Education","parent teacher associations (PTAs) or school governance structures supported",,165.00
2014,"El Salvador",SV,"Education and Social Services","Basic Education","school administrators and officials trained",,562.00
2014,"El Salvador",SV,"Education and Social Services","Basic Education","schools using Information and Communication Technology (ICT)",,11.00
2014,"El Salvador",SV,"Education and Social Services","Basic Education","teaching and learning materials provided",,500.00
2014,"El Salvador",SV,"Education and Social Services","Higher Education",,247525,
2014,"El Salvador",SV,"Education and Social Services","Social Assistance",,4919862,
2014,"El Salvador",SV,"Education and Social Services","Social Assistance","cash transfers received by beneficiaries participating in productive safety nets",,1288314.00
2014,"El Salvador",SV,"Education and Social Services","Social Assistance","people participated in safety net programs",,6044.00
2014,"El Salvador",SV,"Education and Social Services","Social Assistance","vocational training hours provided to beneficiaries of Productive Safety Nets",,25280.00
2014,"El Salvador",SV,Environment,,,1127135,
2014,"El Salvador",SV,Health,"Family Planning and Reproductive Health",,10930,
2014,"El Salvador",SV,Health,HIV/AIDS,,309192,
2014,"El Salvador",SV,Health,"Maternal and Child Health",,-10756,
2014,"El Salvador",SV,"Humanitarian Assistance",,,5818584,
2014,"El Salvador",SV,"Humanitarian Assistance",,"bridges rebuilt",,1.00
2014,"El Salvador",SV,"Humanitarian Assistance",,"designs for damaged structures completed",,1.00
2014,"El Salvador",SV,"Humanitarian Assistance",,"preliminary designs for damaged facilities completed",,3.00
2014,"El Salvador",SV,"Program Management",,,3341898,
