"Fiscal Year",Country,"ISO Code",Category,Sector,"Result Statement","Disbursement ($)",Results
2011,Guatemala,GT,"Democracy and Governance","Civil Society",,89410,
2011,Guatemala,GT,"Democracy and Governance","Civil Society","civil society organizations that engaged in advocacy interventions assisted",,3.00
2011,Guatemala,GT,"Democracy and Governance","Civil Society","people were reached by voter education",,1145494.00
2011,Guatemala,GT,"Democracy and Governance","Good Governance",,6679723,
2011,Guatemala,GT,"Democracy and Governance","Good Governance","anticorruption measures implemented",,4.00
2011,Guatemala,GT,"Democracy and Governance","Good Governance","government officials received anticorruption training",,30.00
2011,Guatemala,GT,"Democracy and Governance","Good Governance","people affiliated with nongovernmental organizations (NGOs) received anti-corruption training",,513.00
2011,Guatemala,GT,"Democracy and Governance","Good Governance","people trained in fiscal and management skills to strengthen local government",,1951.00
2011,Guatemala,GT,"Democracy and Governance","Good Governance","subnational entities increased their annual own-source revenues",,12.00
2011,Guatemala,GT,"Democracy and Governance","Political Competition and Consensus-Building",,1708284,
2011,Guatemala,GT,"Democracy and Governance","Political Competition and Consensus-Building","people reached by voter education",,1145494.00
2011,Guatemala,GT,"Democracy and Governance","Rule of Law and Human Rights",,4598366,
2011,Guatemala,GT,"Democracy and Governance","Rule of Law and Human Rights","justice sector personnel trained",,919.00
2011,Guatemala,GT,"Democracy and Governance","Rule of Law and Human Rights","new legal courses or curricula developed",,8.00
2011,Guatemala,GT,"Economic Development",Agriculture,,5807541,
2011,Guatemala,GT,"Economic Development",Agriculture,"hectares under improved technologies or management practices",,2422.00
2011,Guatemala,GT,"Economic Development",Agriculture,"new technologies or management practices made available for transfer",,48.00
2011,Guatemala,GT,"Economic Development",Agriculture,"organizations received assistance to increase food security",,187.00
2011,Guatemala,GT,"Economic Development",Agriculture,"people received short-term agricultural sector productivity or food security training",,56230.00
2011,Guatemala,GT,"Economic Development",Agriculture,"private financing mobilized with a Development Credit Authority (DCA) guarantee",,2816000.00
2011,Guatemala,GT,"Economic Development",Agriculture,"rural households benefited from project activities and trainings",,30103.00
2011,Guatemala,GT,"Economic Development",Agriculture,"women's organizations/associations assisted",,3761.00
2011,Guatemala,GT,"Economic Development","Economic Opportunity",,581190,
2011,Guatemala,GT,"Economic Development","Private Sector Competitiveness",,1568212,
2011,Guatemala,GT,"Economic Development","Private Sector Competitiveness","firms assisted to improve management practices",,312.00
2011,Guatemala,GT,"Economic Development","Private Sector Competitiveness","firms assisted with investment in improved technologies",,42.00
2011,Guatemala,GT,"Economic Development","Private Sector Competitiveness","public-private dialogue mechanisms utilized",,20.00
2011,Guatemala,GT,"Economic Development","Private Sector Competitiveness","Small and Medium Enterprises (SMEs) accessed bank loans or private equity",,33.00
2011,Guatemala,GT,"Economic Development","Trade and Investment",,902474,
2011,Guatemala,GT,"Education and Social Services","Basic Education",,5472955,
2011,Guatemala,GT,"Education and Social Services","Basic Education","classrooms repaired",,142.00
2011,Guatemala,GT,"Education and Social Services","Basic Education","laws, policies, regulations, or guidelines developed or modified to improve equitable access to or quality of education services",,7.00
2011,Guatemala,GT,"Education and Social Services","Basic Education","learners enrolled in pre-primary, primary, and secondary schools or equivalent non-school-based settings",,241317.00
2011,Guatemala,GT,"Education and Social Services","Basic Education","school administrators and officials trained",,433.00
2011,Guatemala,GT,"Education and Social Services","Basic Education","teachers/educators trained",,2678.00
2011,Guatemala,GT,"Education and Social Services","Basic Education","textbooks and other teaching and learning materials provided",,51412.00
2011,Guatemala,GT,"Education and Social Services","Higher Education",,405000,
2011,Guatemala,GT,"Education and Social Services","Higher Education","individuals received scholarships to attend higher education institutions",,773.00
2011,Guatemala,GT,Environment,,,3812904,
2011,Guatemala,GT,Environment,,"hectares under improved natural resource management",,711125.00
2011,Guatemala,GT,Environment,,"hours of climate change training completed",,98696.00
2011,Guatemala,GT,Environment,,"leveraged from public and private sources for Reducing Emissions from Deforestation and Forest Degradation (REDD+)",,15000.00
2011,Guatemala,GT,Environment,,"people benefited economically from sustainable natural resource management and conservation interventions",,9687.00
2011,Guatemala,GT,Environment,,"people received training in natural resource management and/or biodiversity conservation",,881.00
2011,Guatemala,GT,Environment,,"people trained in Reducing Emissions from Deforestation and Forest Degradation (REDD+)",,949.00
2011,Guatemala,GT,Health,"Family Planning and Reproductive Health",,3352746,
2011,Guatemala,GT,Health,"Family Planning and Reproductive Health","counseling visits conducted for family planning and reproductive health services",,566556.00
2011,Guatemala,GT,Health,"Family Planning and Reproductive Health","couple years of protection (CYP) provided",,535594.00
2011,Guatemala,GT,Health,"Family Planning and Reproductive Health","laws, policies, regulations or guidelines on improving access to and use of family planning services improved",,4.00
2011,Guatemala,GT,Health,"Family Planning and Reproductive Health","new family planning approaches successfully introduced",,9.00
2011,Guatemala,GT,Health,"Family Planning and Reproductive Health","people trained in family planning or reproductive health services",,13682.00
2011,Guatemala,GT,Health,"Family Planning and Reproductive Health","service delivery points provided family planning and reproductive health counseling or services",,1894.00
2011,Guatemala,GT,Health,HIV/AIDS,,16031712,
2011,Guatemala,GT,Health,"Maternal and Child Health",,3781865,
2011,Guatemala,GT,Health,"Maternal and Child Health","antenatal care visits conducted by skilled birth attendants",,376120.00
2011,Guatemala,GT,Health,"Maternal and Child Health","cases of diarrhea treated in children",,164474.00
2011,Guatemala,GT,Health,"Maternal and Child Health","cases of pneumonia treated with antibiotics in children",,18804.00
2011,Guatemala,GT,Health,"Maternal and Child Health","children under the age of one received the third dose of the Diphtheria, Pertussis, Tetanus vaccine",,323810.00
2011,Guatemala,GT,Health,"Maternal and Child Health","deliveries attended by a skilled birth attendant",,66700.00
2011,Guatemala,GT,Health,"Maternal and Child Health","laws, policies, regulations or guidelines related to access to and use of maternal and child health services improved",,8.00
2011,Guatemala,GT,Health,"Maternal and Child Health","liters of water disinfected with point-of-use treatment products",,9000000.00
2011,Guatemala,GT,Health,"Maternal and Child Health","newborns received antibiotic treatment for infection",,5880.00
2011,Guatemala,GT,Health,"Maternal and Child Health","people trained in maternal or newborn healthcare services",,48596.00
2011,Guatemala,GT,Health,"Maternal and Child Health","women received active management of the third stage of labor",,42078.00
2011,Guatemala,GT,Health,Nutrition,,154239,
2011,Guatemala,GT,Health,Nutrition,"children benefitted from nutrition programs",,1756253.00
2011,Guatemala,GT,Health,Nutrition,"people trained in child health and nutrition interventions",,58937.00
2011,Guatemala,GT,"Humanitarian Assistance",,,8850138,
2011,Guatemala,GT,"Program Management",,,10175206,
2012,Guatemala,GT,"Democracy and Governance","Good Governance",,6315451,
2012,Guatemala,GT,"Democracy and Governance","Good Governance","anticorruption measures implemented",,3.00
2012,Guatemala,GT,"Democracy and Governance","Good Governance","people affiliated with nongovernmental organizations received anticorruption training",,562.00
2012,Guatemala,GT,"Democracy and Governance","Good Governance","sub-national governments received assistance to increase their annual own source revenue",,21.00
2012,Guatemala,GT,"Democracy and Governance","Good Governance","training days provided to executive branch personnel",,362.00
2012,Guatemala,GT,"Democracy and Governance","Good Governance","urban and rural water suppliers which chlorinate water",,8.00
2012,Guatemala,GT,"Democracy and Governance","Political Competition and Consensus-Building",,1656776,
2012,Guatemala,GT,"Democracy and Governance","Rule of Law and Human Rights",,7814275,
2012,Guatemala,GT,"Democracy and Governance","Rule of Law and Human Rights","Guatemalan repatriates assisted",,38160.00
2012,Guatemala,GT,"Economic Development",Agriculture,,7144859,
2012,Guatemala,GT,"Economic Development",Agriculture,"agricultural enabling environment policies and regulations analyzed, drafted, consulted on, reviewed, approved or implemented",,3.00
2012,Guatemala,GT,"Economic Development",Agriculture,"food security private enterprises, producer organizations, water user associations, trade and business associations, and community-based organizations received assistance",,197.00
2012,Guatemala,GT,"Economic Development",Agriculture,"hectares under improved technologies or management practices",,2899.00
2012,Guatemala,GT,"Economic Development",Agriculture,"jobs attributed to Feed the Future",,13633.00
2012,Guatemala,GT,"Economic Development",Agriculture,"people received short-term agricultural sector productivity or food security training",,62201.00
2012,Guatemala,GT,"Economic Development",Agriculture,"rural households benefited",,22801.00
2012,Guatemala,GT,"Economic Development",Agriculture,"technologies or management practices in development phases of research, in field testing or made available for transfer of development",,38.00
2012,Guatemala,GT,"Economic Development",Agriculture,"value of new private sector investment in the agriculture sector or food chain leveraged",,640204.00
2012,Guatemala,GT,"Economic Development","Private Sector Competitiveness",,1929398,
2012,Guatemala,GT,"Economic Development","Private Sector Competitiveness","firms received assistance to invest in improved technologies",,42.00
2012,Guatemala,GT,"Economic Development","Private Sector Competitiveness","private sector firms  improved management practices",,346.00
2012,Guatemala,GT,"Economic Development","Trade and Investment",,1094590,
2012,Guatemala,GT,"Education and Social Services","Basic Education",,5142995,
2012,Guatemala,GT,"Education and Social Services","Basic Education","Primary Net Enrollment Rate (NER)",,95.00
2012,Guatemala,GT,Environment,,,3421298,
2012,Guatemala,GT,Environment,,"hectares of biological significance under improved natural resource management",,929527.00
2012,Guatemala,GT,Environment,,"hectares of natural resources showing improved biophysical conditions",,493843.00
2012,Guatemala,GT,Environment,,"laws, policies, strategies, plans, agreements, or regulations addressing climate change (mitigation or adaptation) and/or biodiversity conservation officially proposed, adopted, or implemented",,2.00
2012,Guatemala,GT,Environment,,"people trained in natural resources management and/or biodiversity conservation",,1018.00
2012,Guatemala,GT,Environment,,"people with increased economic benefits derived from sustainable natural resource management and conservation",,10124.00
2012,Guatemala,GT,Health,"Family Planning and Reproductive Health",,4923705,
2012,Guatemala,GT,Health,"Family Planning and Reproductive Health","couple years of protection (CYP) provided",,112278.00
2012,Guatemala,GT,Health,HIV/AIDS,,13023959,
2012,Guatemala,GT,Health,"Maternal and Child Health",,3804676,
2012,Guatemala,GT,Health,Nutrition,,1395459,
2012,Guatemala,GT,Health,Nutrition,"children under the age of 5 received vitamin A supplements",,108224.00
2012,Guatemala,GT,Health,Nutrition,"children under the age of five reached by nutrition programs",,153081.00
2012,Guatemala,GT,Health,Nutrition,"people trained in child health and nutrition interventions",,22465.00
2012,Guatemala,GT,"Humanitarian Assistance",,,804008,
2012,Guatemala,GT,"Program Management",,,10492830,
2013,Guatemala,GT,"Democracy and Governance","Good Governance",,7155701,
2013,Guatemala,GT,"Democracy and Governance","Good Governance","anticorruption measures implemented",,8.00
2013,Guatemala,GT,"Democracy and Governance","Good Governance","people affiliated with nongovernmental organizations received anticorruption training",,1217.00
2013,Guatemala,GT,"Democracy and Governance","Good Governance","training days provided to executive branch personnel",,343.00
2013,Guatemala,GT,"Democracy and Governance","Political Competition and Consensus-Building",,488351,
2013,Guatemala,GT,"Democracy and Governance","Rule of Law and Human Rights",,7999570,
2013,Guatemala,GT,"Democracy and Governance","Rule of Law and Human Rights","courts with improved case management systems",,15.00
2013,Guatemala,GT,"Democracy and Governance","Rule of Law and Human Rights","human rights defenders trained and supported",,356.00
2013,Guatemala,GT,"Economic Development",Agriculture,,13499671,
2013,Guatemala,GT,"Economic Development",Agriculture,"agricultural enabling environment policies and regulations analyzed, drafted, consulted on, reviewed, approved or implemented",,20.00
2013,Guatemala,GT,"Economic Development",Agriculture,"food security private enterprises, producer organizations, water user associations, trade and business associations, and community-based organizations received assistance",,580.00
2013,Guatemala,GT,"Economic Development",Agriculture,"hectares under improved technologies or management practices",,6526.00
2013,Guatemala,GT,"Economic Development",Agriculture,"jobs attributed to Feed the Future",,7924.00
2013,Guatemala,GT,"Economic Development",Agriculture,"people received short term agricultural sector productivity or food security training",,12337.00
2013,Guatemala,GT,"Economic Development",Agriculture,"rural households benefited",,31562.00
2013,Guatemala,GT,"Economic Development",Agriculture,"value of new private sector investment in the agriculture sector or food chain leveraged",,3545127.00
2013,Guatemala,GT,"Economic Development","Private Sector Competitiveness",,1593829,
2013,Guatemala,GT,"Economic Development","Private Sector Competitiveness","firms received assistance to invest in improved technologies",,110.00
2013,Guatemala,GT,"Economic Development","Private Sector Competitiveness","private sector firms improved management practices",,172.00
2013,Guatemala,GT,"Economic Development","Trade and Investment",,1630025,
2013,Guatemala,GT,"Education and Social Services","Basic Education",,5364337,
2013,Guatemala,GT,"Education and Social Services","Higher Education",,256084,
2013,Guatemala,GT,"Education and Social Services","Social Assistance",,364239,
2013,Guatemala,GT,Environment,,,2751249,
2013,Guatemala,GT,Environment,,"hectares in areas of biological significance and/or natural resource showing improved biophysical conditions",,486527.00
2013,Guatemala,GT,Environment,,"hectares of biological significance under improved natural resource management",,591527.00
2013,Guatemala,GT,Environment,,"metric tons of greenhouse gas (GHG) emissions reduced or sequestered",,1.00
2013,Guatemala,GT,Health,"Family Planning and Reproductive Health",,6690035,
2013,Guatemala,GT,Health,"Family Planning and Reproductive Health","community health workers who provide family planning (FP) information",,2075.00
2013,Guatemala,GT,Health,"Family Planning and Reproductive Health","couple years protected (CYP)",,141635.00
2013,Guatemala,GT,Health,"Family Planning and Reproductive Health","percent of service delivery sites providing family planning (FP) counseling or services",,84.00
2013,Guatemala,GT,Health,HIV/AIDS,,1372560,
2013,Guatemala,GT,Health,"Maternal and Child Health",,3795125,
2013,Guatemala,GT,Health,Nutrition,,4121237,
2013,Guatemala,GT,Health,Nutrition,"children under the age of 5 received vitamin A supplements",,24322.00
2013,Guatemala,GT,Health,Nutrition,"children under the age of five reached by nutrition programs",,180644.00
2013,Guatemala,GT,Health,Nutrition,"health facilities with established capacity to manage acute under-nutrition",,44.00
2013,Guatemala,GT,Health,Nutrition,"people trained in child health and nutrition interventions",,56745.00
2013,Guatemala,GT,"Humanitarian Assistance",,,5606794,
2013,Guatemala,GT,"Peace and Security","Conflict Mitigation and Reconciliation",,595770,
2013,Guatemala,GT,"Peace and Security","Stabilization Operations and Security Sector Reform",,912000,
2013,Guatemala,GT,"Peace and Security","Transnational Crime",,452100,
2013,Guatemala,GT,"Peace and Security","Transnational Crime","anti-TIP policies, laws or international agreements strengthened and/or created",,1.00
2013,Guatemala,GT,"Program Management",,,6112247,
2014,Guatemala,GT,"Democracy and Governance","Good Governance",,9177875,
2014,Guatemala,GT,"Democracy and Governance","Good Governance","anticorruption measures implemented",,1.00
2014,Guatemala,GT,"Democracy and Governance","Good Governance","people affiliated with nongovernmental organizations (NGOs) received anti-corruption training",,72.00
2014,Guatemala,GT,"Democracy and Governance","Good Governance","training days provided to executive branch personnel",,446.00
2014,Guatemala,GT,"Democracy and Governance","Political Competition and Consensus-Building",,963366,
2014,Guatemala,GT,"Democracy and Governance","Rule of Law and Human Rights",,6873199,
2014,Guatemala,GT,"Democracy and Governance","Rule of Law and Human Rights","Clearance rate (ratio of cases disposed to cases filed) of targeted Pluriperson Courts",,55.00
2014,Guatemala,GT,"Democracy and Governance","Rule of Law and Human Rights","courts with improved case management systems",,32.00
2014,Guatemala,GT,"Democracy and Governance","Rule of Law and Human Rights","human rights defenders trained and supported",,439.00
2014,Guatemala,GT,"Economic Development",Agriculture,,19956004,
2014,Guatemala,GT,"Economic Development",Agriculture,"food security private enterprises, producer organizations, water user associations, trade and business associations, and community-based organizations received assistance",,1613.00
2014,Guatemala,GT,"Economic Development",Agriculture,"hectares under improved technologies or management practices",,8358.00
2014,Guatemala,GT,"Economic Development",Agriculture,"jobs attributed to Feed the Future",,10657.00
2014,Guatemala,GT,"Economic Development",Agriculture,"people received short term agricultural sector productivity or food security training",,35408.00
2014,Guatemala,GT,"Economic Development",Agriculture,"policy reforms/regulations/administrative procedures in developmental stages of analysis, drafting and consultation, legislative review, approval or implementation",,9.00
2014,Guatemala,GT,"Economic Development",Agriculture,"rural households benefited",,44416.00
2014,Guatemala,GT,"Economic Development",Agriculture,"value of new private sector investment in the agriculture sector or food chain leveraged",,2547000.00
2014,Guatemala,GT,"Economic Development","Private Sector Competitiveness",,2089833,
2014,Guatemala,GT,"Economic Development","Private Sector Competitiveness","firms received assistance to invest in improved technologies",,228.00
2014,Guatemala,GT,"Economic Development","Private Sector Competitiveness","private sector firms  improved management practices",,221.00
2014,Guatemala,GT,"Economic Development","Trade and Investment",,44436,
2014,Guatemala,GT,"Education and Social Services","Basic Education",,4913251,
2014,Guatemala,GT,"Education and Social Services","Higher Education",,806360,
2014,Guatemala,GT,"Education and Social Services","Social Assistance",,5968,
2014,Guatemala,GT,Environment,,,8172184,
2014,Guatemala,GT,Environment,,"hectares in areas of biological significance and/or natural resource showing improved biophysical conditions",,486527.00
2014,Guatemala,GT,Environment,,"hectares of biological natural resources under improved natural resource management",,749961.00
2014,Guatemala,GT,Environment,,"laws, policies, strategies, plans, agreements, or regulations addressing climate change or biodiversity conservation officially proposed, adopted, or implemented",,1.00
2014,Guatemala,GT,Environment,,"metric tons of greenhouse gas (GHG) emissions reduced or sequestered",,942849.00
2014,Guatemala,GT,Environment,,"stakeholders with increased capacity to adapt to the impacts of climate variability and change",,32.00
2014,Guatemala,GT,Health,"Family Planning and Reproductive Health",,9192401,
2014,Guatemala,GT,Health,"Family Planning and Reproductive Health","community health workers  who provide family planning (FP) information",,643.00
2014,Guatemala,GT,Health,"Family Planning and Reproductive Health","couple years of protection (CYP) provided",,154841.00
2014,Guatemala,GT,Health,"Family Planning and Reproductive Health","percent of service delivery sites providing family planning (FP) counseling or services",,85.00
2014,Guatemala,GT,Health,HIV/AIDS,,10040,
2014,Guatemala,GT,Health,"Maternal and Child Health",,7115727,
2014,Guatemala,GT,Health,Nutrition,,7030905,
2014,Guatemala,GT,Health,Nutrition,"children under the age of 5 received vitamin A supplements",,77117.00
2014,Guatemala,GT,Health,Nutrition,"children under the age of five reached by nutrition programs",,216989.00
2014,Guatemala,GT,Health,Nutrition,"health facilities with established capacity to manage acute under-nutrition",,136.00
2014,Guatemala,GT,Health,Nutrition,"people trained in child health and nutrition interventions",,44972.00
2014,Guatemala,GT,Health,"Water Supply and Sanitation",,10878,
2014,Guatemala,GT,"Humanitarian Assistance",,,2245390,
2014,Guatemala,GT,"Peace and Security","Conflict Mitigation and Reconciliation",,24164,
2014,Guatemala,GT,"Peace and Security","Transnational Crime",,47900,
2014,Guatemala,GT,"Peace and Security","Transnational Crime","anti-TIP policies, laws or international agreements strengthened and/or created",,1.00
2014,Guatemala,GT,"Program Management",,,5773076,
