"Fiscal Year",Country,"ISO Code",Category,Sector,"Result Statement","Disbursement ($)",Results
2011,Honduras,HN,"Democracy and Governance","Civil Society",,511987,
2011,Honduras,HN,"Democracy and Governance","Civil Society","civil society organizations that engaged in advocacy interventions assisted",,11.00
2011,Honduras,HN,"Democracy and Governance","Good Governance",,3118162,
2011,Honduras,HN,"Democracy and Governance","Good Governance","individuals received training, including management skills and fiscal management, to strengthen local government or decentralization",,62.00
2011,Honduras,HN,"Democracy and Governance","Good Governance","laws or amendments promoting decentralization drafted",,2.00
2011,Honduras,HN,"Democracy and Governance","Good Governance","local mechanisms supported for citizens to engage in their sub-national government",,7.00
2011,Honduras,HN,"Democracy and Governance","Good Governance","mechanisms for external oversight of public resource supported",,18.00
2011,Honduras,HN,"Democracy and Governance","Good Governance","subnational entities improved their performance",,52.00
2011,Honduras,HN,"Democracy and Governance","Political Competition and Consensus-Building",,40704,
2011,Honduras,HN,"Democracy and Governance","Political Competition and Consensus-Building","electoral administration procedures and systems strengthened",,3.00
2011,Honduras,HN,"Democracy and Governance","Rule of Law and Human Rights",,26511,
2011,Honduras,HN,"Economic Development",Agriculture,,3501612,
2011,Honduras,HN,"Economic Development",Agriculture,"value of new private sector investment in the agriculture sector or food chain leveraged",,79000.00
2011,Honduras,HN,"Economic Development","Private Sector Competitiveness",,252194,
2011,Honduras,HN,"Economic Development","Trade and Investment",,30266,
2011,Honduras,HN,"Education and Social Services","Basic Education",,7111579,
2011,Honduras,HN,"Education and Social Services","Basic Education","educators who successfully completed training, coaching, or mentoring",,48.00
2011,Honduras,HN,"Education and Social Services","Basic Education","learners enrolled in primary schools and/or equivalent non-school based settings",,1350820.00
2011,Honduras,HN,"Education and Social Services","Basic Education","learners enrolled in secondary schools and/or equivalent non-school based settings",,514302.00
2011,Honduras,HN,"Education and Social Services","Basic Education","learners enrolled in USG-supported pre-primary schools and/or equivalent non-school based settings",,71402.00
2011,Honduras,HN,"Education and Social Services","Basic Education","projects provided support for teaching/learning activities which measure learning outcomes",,2.00
2011,Honduras,HN,"Education and Social Services","Basic Education","projects that support country capacity for national measures of education performance",,2.00
2011,Honduras,HN,"Education and Social Services","Basic Education","school administrators and officials trained",,2374.00
2011,Honduras,HN,"Education and Social Services","Basic Education","teachers and educators trained",,15283.00
2011,Honduras,HN,"Education and Social Services","Basic Education","teaching and learning materials provided",,5399150.00
2011,Honduras,HN,Environment,,,1370264,
2011,Honduras,HN,Health,"Family Planning and Reproductive Health",,1796853,
2011,Honduras,HN,Health,"Family Planning and Reproductive Health","couple years protected (CYP)",,642051.00
2011,Honduras,HN,Health,"Family Planning and Reproductive Health","in-country public and private financial resources leveraged for family planning and reproductive health",,3083180.00
2011,Honduras,HN,Health,"Family Planning and Reproductive Health","new approaches successfully introduced",,1.00
2011,Honduras,HN,Health,"Family Planning and Reproductive Health","people trained in family planning or reproductive health (FP/RH) services",,117.00
2011,Honduras,HN,Health,"Family Planning and Reproductive Health","percent of service delivery points (SDPs) that experienced a stock out of any contraceptive method that the SDP is expected to provide",,63.00
2011,Honduras,HN,Health,"Family Planning and Reproductive Health","policies or guidelines developed or changed to improve access to and use of FP/RH services",,4.00
2011,Honduras,HN,Health,HIV/AIDS,,5350547,
2011,Honduras,HN,Health,"Maternal and Child Health",,1290447,
2011,Honduras,HN,Health,"Maternal and Child Health","deliveries attended by a skilled birth attendant",,93053.00
2011,Honduras,HN,Health,"Maternal and Child Health","laws, policies, regulations or guidelines related to access to and use of maternal and child health services improved",,5.00
2011,Honduras,HN,Health,"Maternal and Child Health","newborns received essential newborn care",,90076.00
2011,Honduras,HN,Health,"Maternal and Child Health","people covered by health financing arrangements",,743927.00
2011,Honduras,HN,Health,"Maternal and Child Health","people trained in maternal or newborn healthcare services",,411.00
2011,Honduras,HN,Health,"Maternal and Child Health","women received active management of the third stage of labor (AMTSL)",,90417.00
2011,Honduras,HN,"Program Management",,,6617246,
2012,Honduras,HN,"Democracy and Governance","Civil Society",,459778,
2012,Honduras,HN,"Democracy and Governance","Good Governance",,5797742,
2012,Honduras,HN,"Democracy and Governance","Good Governance","civil society organizations engaged in advocacy interventions received USG assistance",,6.00
2012,Honduras,HN,"Democracy and Governance","Good Governance","Justice sector personnel that received USG training",,289.00
2012,Honduras,HN,"Democracy and Governance","Good Governance","mechanisms for external oversight of public resource supported",,20.00
2012,Honduras,HN,"Democracy and Governance","Good Governance","municipalities with Municipal Crime Prevention Committees",,4.00
2012,Honduras,HN,"Democracy and Governance","Political Competition and Consensus-Building",,447599,
2012,Honduras,HN,"Democracy and Governance","Rule of Law and Human Rights",,301137,
2012,Honduras,HN,"Economic Development",Agriculture,,7711896,
2012,Honduras,HN,"Economic Development",Agriculture,"farmers applied new technologies or management practices",,4592.00
2012,Honduras,HN,"Economic Development",Agriculture,"jobs attributed to Feed the Future",,2332.00
2012,Honduras,HN,"Economic Development",Agriculture,"value of incremental sales, collected at farm/firm level, attributed to Feed the Future implementation",,12406166.00
2012,Honduras,HN,"Economic Development",Agriculture,"value of new private sector investment in the agriculture sector or food chain leveraged",,3017760.00
2012,Honduras,HN,"Economic Development","Private Sector Competitiveness",,3293283,
2012,Honduras,HN,"Economic Development","Private Sector Competitiveness","relevant business enabling environment legal and institutional reforms implemented",,2.00
2012,Honduras,HN,"Economic Development","Private Sector Competitiveness","vulnerable people benefitted from social services",,24064.00
2012,Honduras,HN,"Education and Social Services","Basic Education",,3883829,
2012,Honduras,HN,"Education and Social Services","Basic Education","educators successfully completed training, coaching, or mentoring",,6399.00
2012,Honduras,HN,"Education and Social Services","Basic Education","learners enrolled in primary schools and/or equivalent non-school based settings",,1870640.00
2012,Honduras,HN,"Education and Social Services","Basic Education","school administrators and officials trained",,1188.00
2012,Honduras,HN,Environment,,,705512,
2012,Honduras,HN,Health,"Family Planning and Reproductive Health",,2283264,
2012,Honduras,HN,Health,"Family Planning and Reproductive Health","couple years of protection (CYP) provided",,735604.00
2012,Honduras,HN,Health,"Family Planning and Reproductive Health","percent of service delivery points (SDPs) that experienced a stock out of any contraceptive method that the SDP is expected to provide",,60.00
2012,Honduras,HN,Health,HIV/AIDS,,3109809,
2012,Honduras,HN,Health,"Maternal and Child Health",,2108627,
2012,Honduras,HN,Health,"Maternal and Child Health","percent of births attended by a skilled birth attendant",,67.00
2012,Honduras,HN,Health,Nutrition,,1550000,
2012,Honduras,HN,"Program Management",,,8094876,
2013,Honduras,HN,"Democracy and Governance","Civil Society",,5091377,
2013,Honduras,HN,"Democracy and Governance","Civil Society","civil society organizations that engaged in advocacy interventions assisted",,25.00
2013,Honduras,HN,"Democracy and Governance","Good Governance",,11394462,
2013,Honduras,HN,"Democracy and Governance","Good Governance","mechanisms for external oversight of public resource supported",,21.00
2013,Honduras,HN,"Democracy and Governance","Political Competition and Consensus-Building",,1136640,
2013,Honduras,HN,"Democracy and Governance","Political Competition and Consensus-Building","elections declared free and fair according to international standards",,1.00
2013,Honduras,HN,"Economic Development",Agriculture,,9740935,
2013,Honduras,HN,"Economic Development",Agriculture,"farmers applied new technologies or management practices",,18862.00
2013,Honduras,HN,"Economic Development",Agriculture,"hectares under improved technologies or management practices",,16014.00
2013,Honduras,HN,"Economic Development",Agriculture,"jobs attributed to Feed the Future",,825.00
2013,Honduras,HN,"Economic Development",Agriculture,"value of incremental sales, collected at farm/firm level, attributed to Feed the Future implementation",,30790251.00
2013,Honduras,HN,"Economic Development",Agriculture,"value of new private sector investment in the agriculture sector or food chain leveraged",,4404333.00
2013,Honduras,HN,"Economic Development","Private Sector Competitiveness",,3126671,
2013,Honduras,HN,"Economic Development","Private Sector Competitiveness","new net sales of participating rural Micro, Small, and Medium Enterprises (MSMEs)",,1470000.00
2013,Honduras,HN,"Economic Development","Private Sector Competitiveness","relevant business enabling environment legal and institutional reforms implemented",,6.00
2013,Honduras,HN,"Education and Social Services","Basic Education",,9743789,
2013,Honduras,HN,"Education and Social Services","Basic Education","educators who successfully completed training, coaching, or mentoring",,15296.00
2013,Honduras,HN,"Education and Social Services","Basic Education","learners enrolled in primary schools and/or equivalent non-school based settings",,1158752.00
2013,Honduras,HN,"Education and Social Services","Basic Education","learners enrolled in secondary schools and/or equivalent non-school based settings",,11115.00
2013,Honduras,HN,"Education and Social Services","Basic Education","percent of students who are able to demonstrate reading fluency and comprehension according to their countries' curricular goals after primary school",,30.00
2013,Honduras,HN,"Education and Social Services","Basic Education","school administrators and officials trained",,2178.00
2013,Honduras,HN,"Education and Social Services","Higher Education",,303581,
2013,Honduras,HN,Environment,,,4649559,
2013,Honduras,HN,Environment,,"hectares of biological significance under improved natural resource management",,43957.00
2013,Honduras,HN,Environment,,"metric tons of greenhouse gas (GHG) emissions reduced or sequestered",,267166.00
2013,Honduras,HN,Health,"Family Planning and Reproductive Health",,2804721,
2013,Honduras,HN,Health,"Family Planning and Reproductive Health","couple years protected (CYP)",,823035.00
2013,Honduras,HN,Health,"Family Planning and Reproductive Health","percent of service delivery points (SDPs) that experienced a stock out of any contraceptive method that the SDP is expected to provide",,58.00
2013,Honduras,HN,Health,"Family Planning and Reproductive Health","percent of women of reproductive age or their partner used a modern method of contraception",,64.00
2013,Honduras,HN,Health,HIV/AIDS,,5042428,
2013,Honduras,HN,Health,"Maternal and Child Health",,2780257,
2013,Honduras,HN,Health,"Maternal and Child Health","percent of births attended by a skilled birth attendant",,69.00
2013,Honduras,HN,Health,"Maternal and Child Health","percent of women who received at least four antenatal care (ANC) visits",,89.00
2013,Honduras,HN,"Humanitarian Assistance",,,305777,
2013,Honduras,HN,"Program Management",,,5393793,
2014,Honduras,HN,"Democracy and Governance","Civil Society",,7023176,
2014,Honduras,HN,"Democracy and Governance","Good Governance",,16170473,
2014,Honduras,HN,"Democracy and Governance","Good Governance","mechanisms for external oversight of public resource supported",,30.00
2014,Honduras,HN,"Democracy and Governance","Political Competition and Consensus-Building",,3380687,
2014,Honduras,HN,"Democracy and Governance","Political Competition and Consensus-Building","elections declared free and fair according to international standards",,1.00
2014,Honduras,HN,"Democracy and Governance","Rule of Law and Human Rights",,453474,
2014,Honduras,HN,"Economic Development",Agriculture,,10566221,
2014,Honduras,HN,"Economic Development",Agriculture,"farmers applied new technologies or management practices",,27386.00
2014,Honduras,HN,"Economic Development",Agriculture,"hectares under improved technologies or management practices",,27229.00
2014,Honduras,HN,"Economic Development",Agriculture,"value of incremental sales, collected at farm/firm level, attributed to Feed the Future implementation",,24003302.00
2014,Honduras,HN,"Economic Development",Agriculture,"value of new private sector investment in the agriculture sector or food chain leveraged",,13217994.00
2014,Honduras,HN,"Economic Development","Macroeconomic Foundation for Growth",,1211,
2014,Honduras,HN,"Economic Development","Private Sector Competitiveness",,4499447,
2014,Honduras,HN,"Economic Development","Private Sector Competitiveness","new net sales of participating rural Micro, Small, and Medium Enterprises (MSMEs)",,6220444.00
2014,Honduras,HN,"Economic Development","Private Sector Competitiveness","relevant business enabling environment legal and institutional reforms implemented",,1.00
2014,Honduras,HN,"Education and Social Services","Basic Education",,8786251,
2014,Honduras,HN,"Education and Social Services","Basic Education","educators who successfully completed training, coaching, or mentoring",,22199.00
2014,Honduras,HN,"Education and Social Services","Basic Education","learners enrolled in primary schools and/or equivalent non-school based settings",,1116925.00
2014,Honduras,HN,"Education and Social Services","Basic Education","learners enrolled in secondary schools and/or equivalent non-school based settings",,6316.00
2014,Honduras,HN,"Education and Social Services","Basic Education","school administrators and officials trained",,1683.00
2014,Honduras,HN,"Education and Social Services","Higher Education",,633930,
2014,Honduras,HN,Environment,,,3833487,
2014,Honduras,HN,Environment,,"hectares of biological significance under improved natural resource management",,158444.00
2014,Honduras,HN,Environment,,"metric tons of greenhouse gas (GHG) emissions reduced or sequestered",,454727.00
2014,Honduras,HN,Health,"Family Planning and Reproductive Health",,2523673,
2014,Honduras,HN,Health,"Family Planning and Reproductive Health","couple years of protection (CYP) provided",,935782.00
2014,Honduras,HN,Health,"Family Planning and Reproductive Health","percent of service delivery points (SDPs) that experienced a stock out of any contraceptive method that the SDP is expected to provide",,78.00
2014,Honduras,HN,Health,HIV/AIDS,,2173767,
2014,Honduras,HN,Health,"Maternal and Child Health",,1245196,
2014,Honduras,HN,Health,"Maternal and Child Health","women receiving active management of the third stage of labor  (AMSTL)",,91671.00
2014,Honduras,HN,"Humanitarian Assistance",,,245029,
2014,Honduras,HN,"Program Management",,,5879941,
